[
  { "name": "Montreal", "country": "Canada", "region": "north-america", "slug": "montreal" },
  { "name": "Toronto", "country": "Canada", "region": "north-america", "slug": "toronto" },
  { "name": "Vancouver", "country": "Canada", "region": "north-america", "slug": "vancouver" },
  { "name": "Calgary", "country": "Canada", "region": "north-america", "slug": "calgary" },
  { "name": "Edmonton", "country": "Canada", "region": "north-america", "slug": "edmonton" },
  { "name": "Victoria", "country": "Canada", "region": "north-america", "slug": "victoria" },
  { "name": "New York City", "country": "VS", "region": "north-america", "slug": "new-york-city" },
  { "name": "Chicago", "country": "VS", "region": "north-america", "slug": "chicago" },
  { "name": "Dallas", "country": "VS", "region": "north-america", "slug": "dallas" },
  { "name": "Los Angeles", "country": "VS", "region": "north-america", "slug": "los-angeles" },
  { "name": "San Francisco", "country": "VS", "region": "north-america", "slug": "san-francisco" },
  { "name": "Washington DC", "country": "VS", "region": "north-america", "slug": "washington-dc" },
  { "name": "Denver", "country": "VS", "region": "north-america", "slug": "denver" },
  { "name": "Columbus", "country": "VS", "region": "north-america", "slug": "columbus" },
  { "name": "Seattle", "country": "VS", "region": "north-america", "slug": "seattle" },
  { "name": "Amsterdam", "country": "Nederland", "region": "europe", "slug": "amsterdam" },
  { "name": "Berlijn", "country": "Duitsland", "region": "europe", "slug": "berlin" },
  { "name": "Londen", "country": "VK", "region": "europe", "slug": "london" },
  { "name": "Parijs", "country": "Frankrijk", "region": "europe", "slug": "paris" },
  { "name": "Zürich", "country": "Zwitserland", "region": "europe", "slug": "zurich" }
]
