[
  { "name": "Montreal", "country": "Canada", "region": "north-america", "slug": "montreal" },
  { "name": "Toronto", "country": "Canada", "region": "north-america", "slug": "toronto" },
  { "name": "Vancouver", "country": "Canada", "region": "north-america", "slug": "vancouver" },
  { "name": "Calgary", "country": "Canada", "region": "north-america", "slug": "calgary" },
  { "name": "Edmonton", "country": "Canada", "region": "north-america", "slug": "edmonton" },
  { "name": "Victoria", "country": "Canada", "region": "north-america", "slug": "victoria" },
  { "name": "New York", "country": "USA", "region": "north-america", "slug": "new-york-city" },
  { "name": "Chicago", "country": "USA", "region": "north-america", "slug": "chicago" },
  { "name": "Dallas", "country": "USA", "region": "north-america", "slug": "dallas" },
  { "name": "Los Angeles", "country": "USA", "region": "north-america", "slug": "los-angeles" },
  { "name": "San Francisco", "country": "USA", "region": "north-america", "slug": "san-francisco" },
  { "name": "Washington DC", "country": "USA", "region": "north-america", "slug": "washington-dc" },
  { "name": "Denver", "country": "USA", "region": "north-america", "slug": "denver" },
  { "name": "Columbus", "country": "USA", "region": "north-america", "slug": "columbus" },
  { "name": "Seattle", "country": "USA", "region": "north-america", "slug": "seattle" },
  { "name": "Amsterdam", "country": "Paesi Bassi", "region": "europe", "slug": "amsterdam" },
  { "name": "Berlino", "country": "Germania", "region": "europe", "slug": "berlin" },
  { "name": "Londra", "country": "Regno Unito", "region": "europe", "slug": "london" },
  { "name": "Parigi", "country": "Francia", "region": "europe", "slug": "paris" },
  { "name": "Zurigo", "country": "Svizzera", "region": "europe", "slug": "zurich" }
]
