[
  { "name": "Montréal", "country": "Canada", "region": "north-america", "slug": "montreal" },
  { "name": "Toronto", "country": "Canada", "region": "north-america", "slug": "toronto" },
  { "name": "Vancouver", "country": "Canada", "region": "north-america", "slug": "vancouver" },
  { "name": "Calgary", "country": "Canada", "region": "north-america", "slug": "calgary" },
  { "name": "Edmonton", "country": "Canada", "region": "north-america", "slug": "edmonton" },
  { "name": "Victoria", "country": "Canada", "region": "north-america", "slug": "victoria" },
  { "name": "New York", "country": "États-Unis", "region": "north-america", "slug": "new-york-city" },
  { "name": "Chicago", "country": "États-Unis", "region": "north-america", "slug": "chicago" },
  { "name": "Dallas", "country": "États-Unis", "region": "north-america", "slug": "dallas" },
  { "name": "Los Angeles", "country": "États-Unis", "region": "north-america", "slug": "los-angeles" },
  { "name": "San Francisco", "country": "États-Unis", "region": "north-america", "slug": "san-francisco" },
  { "name": "Washington DC", "country": "États-Unis", "region": "north-america", "slug": "washington-dc" },
  { "name": "Denver", "country": "États-Unis", "region": "north-america", "slug": "denver" },
  { "name": "Columbus", "country": "États-Unis", "region": "north-america", "slug": "columbus" },
  { "name": "Seattle", "country": "États-Unis", "region": "north-america", "slug": "seattle" },
  { "name": "Amsterdam", "country": "Pays-Bas", "region": "europe", "slug": "amsterdam" },
  { "name": "Berlin", "country": "Allemagne", "region": "europe", "slug": "berlin" },
  { "name": "Londres", "country": "Royaume-Uni", "region": "europe", "slug": "london" },
  { "name": "Paris", "country": "France", "region": "europe", "slug": "paris" },
  { "name": "Zurich", "country": "Suisse", "region": "europe", "slug": "zurich" }
]
