[
  { "name": "Montreal", "country": "Canadá", "region": "north-america", "slug": "montreal" },
  { "name": "Toronto", "country": "Canadá", "region": "north-america", "slug": "toronto" },
  { "name": "Vancouver", "country": "Canadá", "region": "north-america", "slug": "vancouver" },
  { "name": "Calgary", "country": "Canadá", "region": "north-america", "slug": "calgary" },
  { "name": "Edmonton", "country": "Canadá", "region": "north-america", "slug": "edmonton" },
  { "name": "Victoria", "country": "Canadá", "region": "north-america", "slug": "victoria" },
  { "name": "Nueva York", "country": "EE.UU.", "region": "north-america", "slug": "new-york-city" },
  { "name": "Chicago", "country": "EE.UU.", "region": "north-america", "slug": "chicago" },
  { "name": "Dallas", "country": "EE.UU.", "region": "north-america", "slug": "dallas" },
  { "name": "Los Ángeles", "country": "EE.UU.", "region": "north-america", "slug": "los-angeles" },
  { "name": "San Francisco", "country": "EE.UU.", "region": "north-america", "slug": "san-francisco" },
  { "name": "Washington DC", "country": "EE.UU.", "region": "north-america", "slug": "washington-dc" },
  { "name": "Denver", "country": "EE.UU.", "region": "north-america", "slug": "denver" },
  { "name": "Columbus", "country": "EE.UU.", "region": "north-america", "slug": "columbus" },
  { "name": "Seattle", "country": "EE.UU.", "region": "north-america", "slug": "seattle" },
  { "name": "Ámsterdam", "country": "Países Bajos", "region": "europe", "slug": "amsterdam" },
  { "name": "Berlín", "country": "Alemania", "region": "europe", "slug": "berlin" },
  { "name": "Londres", "country": "Reino Unido", "region": "europe", "slug": "london" },
  { "name": "París", "country": "Francia", "region": "europe", "slug": "paris" },
  { "name": "Zúrich", "country": "Suiza", "region": "europe", "slug": "zurich" }
]
